id;nombre;descripcion;cifrado;fecha_vencimiento
1;Account generada;Genérico;Azul Ensalada Cantabria;2022-07-08
2;Intercambiable Director;Configuración Patatas mano;Lebanese;2022-07-08
3;Bricolaje JBOD;Galicia data-warehouse;Facilitador;2022-07-08
4;Lugar;hacking;Berkshire Borders Hormigon;2022-07-08
5;Supervisor Futuro;Contabilidad Grupo;discreta invoice;2022-07-08
6;Enfocado Ergonómico;artificial;Savings;2022-07-08
7;Ordenador cross-platform;jerarquía Acero Ladrillo;optimize Global Papelería;2022-07-07
8;Granito;FTP;Cambridgeshire Caserio Artesanal;2022-07-07
9;Liechtenstein modular application;calculate;magnetic generate;2022-07-07
10;Burundi Aplicaciones Gerente;reinvent;withdrawal override;2022-07-08
