id;nombre;rif;direccion;telefono;email
1;EXE index clicks-and-mortar;Monte parse;circuit override;Pelota world-class;Arturo.Dueas52@hotmail.com
2;Agente Acero bifurcada;deposit Irlanda;Reducido Castilla Arquitecto;Artesanal Valenciana Productor;Yolanda_Gaitn25@hotmail.com
3;Especialista;Avon Verde;Datos navigate deposit;driver Madera;Eva_Glvez@hotmail.com
4;array Malawi EXE;Distrito Card;deposit;Galicia evolve terciaria;MarcoAntonio45@hotmail.com
5;Dinánmico;Algodón Perseverando convergence;Armenia Paradigma;León e-tailers grow;Emilio80@yahoo.com
6;jerarquía;Azerbaijanian;estructura;Mascotas Galicia panel;Sofa.Acua42@yahoo.com
7;SSL;drive Senior;GB Persistente;networks;Mercedes_Villagmez47@yahoo.com
8;Informática input Ladrillo;Central;haptic arquitectura aprovechar;Lek Plaza;Jos68@gmail.com
9;Dinar Hogar Salud;Amarillo;Valenciana Arroyo;explícita haptic;Elena_Verduzco@yahoo.com
10;Cataluña dinámica;partnerships SAS;Ergonómico;Paradigma Especialista leverage;Margarita_Garrido45@gmail.com
